<?xml version="1.0" encoding="UTF-8"?>
<build-type xmlns:xsi="http://www.w3.org/2001/XMLSchema-instance" uuid="7b4c9e52-12ae-43b3-957f-a3e560c9bb2e" xsi:noNamespaceSchemaLocation="https://www.jetbrains.com/teamcity/schemas/2025.3/project-config.xsd">
  <name>Build</name>
  <description />
  <settings>
    <options>
      <option name="artifactRules" value="dist/*.gz" />
      <option name="buildNumberPattern" value="%build_version%.%build.counter%" />
    </options>
    <parameters>
      <param name="build_version" value="v1.0.0" />
    </parameters>
    <build-runners>
      <runner id="Ant" name="" type="Ant">
        <parameters>
          <param name="build-file-path" value="build/build.xml" />
          <param name="target" value="target.cleanbuild -DmfImplVersion=%build.number%" />
          <param name="teamcity.step.mode" value="default" />
        </parameters>
      </runner>
    </build-runners>
    <vcs-settings>
      <vcs-entry-ref root-id="Statusportal_GitGithubComCpayneHHStatusportalGitRefsHeadsMain" />
    </vcs-settings>
    <build-triggers>
      <build-trigger id="TRIGGER_1" type="vcsTrigger">
        <parameters>
          <param name="branchFilter" value="+:*" />
          <param name="enableQueueOptimization" value="true" />
          <param name="quietPeriodMode" value="DO_NOT_USE" />
        </parameters>
      </build-trigger>
    </build-triggers>
    <build-extensions>
      <extension id="perfmon" type="perfmon">
        <parameters>
          <param name="teamcity.perfmon.feature.enabled" value="true" />
        </parameters>
      </extension>
      <extension id="BUILD_EXT_1" type="VcsLabeling">
        <parameters>
          <param name="branchFilter" value="+:&lt;default&gt;" />
          <param name="labelingPattern" value="build-%system.build.number%" />
          <param name="vcsRootId" value="Statusportal_GitGithubComCpayneHHStatusportalGitRefsHeadsMain" />
        </parameters>
      </extension>
    </build-extensions>
  </settings>
</build-type>

