<?xml version="1.0" encoding="UTF-8"?>
<vcs-root xmlns:xsi="http://www.w3.org/2001/XMLSchema-instance" uuid="88a39f81-4d80-407e-b48d-32300927e54d" type="jetbrains.git" xsi:noNamespaceSchemaLocation="https://www.jetbrains.com/teamcity/schemas/2025.3/project-config.xsd">
  <name>git@github.com:cpayneHH/statusportal.git#refs/heads/main</name>
  <param name="agentCleanFilesPolicy" value="ALL_UNTRACKED" />
  <param name="agentCleanPolicy" value="ON_BRANCH_CHANGE" />
  <param name="authMethod" value="TEAMCITY_SSH_KEY" />
  <param name="branch" value="refs/heads/main" />
  <param name="ignoreKnownHosts" value="true" />
  <param name="submoduleCheckout" value="CHECKOUT" />
  <param name="teamcity:branchSpec" value="refs/heads/*" />
  <param name="teamcitySshKey" value="id_ed25519" />
  <param name="url" value="git@github.com:cpayneHH/statusportal.git" />
  <param name="useAlternates" value="AUTO" />
  <param name="usernameStyle" value="USERID" />
</vcs-root>

